{"cameraMode":{"drawMode":0,"name":"Shaded","section":"Shading Mode"},"sceneLighting":true,"audioPlay":false,"sceneViewState":{"m_AlwaysRefresh":false,"showFog":true,"showSkybox":true,"showFlares":true,"showImageEffects":true,"showParticleSystems":true,"showVisualEffectGraphs":true,"m_FxEnabled":true},"in2DMode":false,"pivot":{"x":41.80363845825195,"y":0.07643116265535355,"z":0.3662751019001007},"rotation":{"x":0.17981985211372376,"y":-0.025329848751425744,"z":0.00436986330896616,"w":0.9836393594741821},"size":2.141409397125244,"orthographic":false}