{"cameraMode":{"drawMode":0,"name":"Shaded","section":"Shading Mode"},"sceneLighting":true,"audioPlay":false,"sceneViewState":{"m_AlwaysRefresh":false,"showFog":true,"showSkybox":true,"showFlares":true,"showImageEffects":true,"showParticleSystems":true,"showVisualEffectGraphs":true,"m_FxEnabled":true},"in2DMode":false,"pivot":{"x":35.914398193359378,"y":0.44424304366111758,"z":-0.6096165180206299},"rotation":{"x":0.03911539912223816,"y":-0.1909225881099701,"z":0.007395281456410885,"w":0.9810675978660584},"size":0.909033477306366,"orthographic":false}